{
    "inputs": {
        "A_btn":                [0,1],
        "B_btn":                [1,1],
        "X_btn":                [3,1],
        "Y_btn":                [4,1],
        "White_btn":            [5,1],
        "Black_btn":            [2,1],
        "DLeft_axis":           [6,-1],
        "DRight_axis":          [6,1],
        "DUp_axis":             [7,-1],
        "DDown_axis":           [7,1],
        "Back_btn":             [6,1],
        "Start_btn":            [7,1],
        "LAnalog_btn":          [8,1],
        "RAnalog_btn":          [9,1],
        "LAnalogLeft_axis":     [ 0, -1, 11000],
        "LAnalogRight_axis":    [ 0, 1, 11000],
        "LAnalogUp_axis":       [ 1, -1, 11000],
        "LAnalogDown_axis":     [ 1, 1, 11000],
        "RAnalogLeft_axis":     [ 3, -1, 11000],
        "RAnalogRight_axis":    [ 3, 1, 11000],
        "RAnalogUp_axis":       [ 4, -1, 11000],
        "RAnalogDown_axis":     [ 4, 1, 11000]
    },

    "VKeyboard": {
        "any": {
            "Key_Left":     "DLeft_axis",
            "Key_Right":    "DRight_axis",
            "Key_Up":       "DUp_axis",
            "Key_Down":     "DDown_axis", 
            "Key_Space":    "B_btn"
        }
    },

    "any": {
        "any": {
            "mouse_left":   "LAnalogLeft_axis",
            "mouse_right":  "LAnalogRight_axis",
            "mouse_up":     "LAnalogUp_axis",
            "mouse_down":   "LAnalogDown_axis",

            "joy_left":     "RAnalogLeft_axis",
            "joy_right":    "RAnalogRight_axis",
            "joy_up":       "RAnalogUp_axis",
            "joy_down":     "RAnalogDown_axis",

            "Key_Left":     "DLeft_axis",
            "Key_Right":    "DRight_axis",
            "Key_Up":       "DUp_axis",
            "Key_Down":     "DDown_axis",
            "Key_Space":    "B_btn",
            "mouse_lclick": "A_btn",
            "Key_Escape":   "X_btn",
            "Key_Enter":    "Start_btn"

        }
    }

}

