{
    "inputs": {
        "A_btn":                [3,1],
        "B_btn":                [4,1],
        "X_btn":                [5,1],
        "Y_btn":                [0,1],
        "L1_btn":               [1,1],
        "R1_btn":               [2,1],
        "L2_btn":               [-1,1],
        "R2_btn":               [-1,1],
        "DLeft_btn":            [-1,1],
        "DRight_btn":           [-1,1],
        "DUp_btn":              [-1,1],
        "DDown_btn":            [-1,1],
        "Select_btn":           [7,1],
        "Start_btn":            [6,1],
        "Home_btn":             [-1,1],
        "LAnalog_btn":          [-1,1],
        "RAnalog_btn":          [-1,1],
        "LAnalogLeft_axis":     [ 0, -1],
        "LAnalogRight_axis":    [ 0, 1],
        "LAnalogUp_axis":       [ 1, -1],
        "LAnalogDown_axis":     [ 1, 1],
        "RAnalogLeft_axis":     [ 2, -1],
        "RAnalogRight_axis":    [ 2, 1],
        "RAnalogUp_axis":       [ 3, -1],
        "RAnalogDown_axis":     [ 3, 1]
    },

    "VKeyboard": {
        "any": {
            "Key_Left":     "A_btn",
            "Key_Right":    "X_btn",
            "Key_Up":       "B_btn",
            "Key_Down":     "L1_btn",
            "Key_Space":    "Y_btn"
        }
    },

    "any": {
        "any": {
            "mouse_left":   "LAnalogLeft_axis",
            "mouse_right":  "LAnalogRight_axis",
            "mouse_up":     "LAnalogUp_axis",
            "mouse_down":   "LAnalogDown_axis",

            "joy_left":     "RAnalogLeft_axis",
            "joy_right":    "RAnalogRight_axis",
            "joy_up":       "RAnalogUp_axis",
            "joy_down":     "RAnalogDown_axis",

            "Key_Left":     "A_btn",
            "Key_Right":    "X_btn",
            "Key_Up":       "B_btn",
            "Key_Down":     "L1_btn",
            "Key_Space":    "Y_btn",
            "mouse_lclick": "R1_btn",
            "Key_Escape":   "Select_btn",
            "Key_Enter":    "Start_btn"

        }
    }

}

